surface,name,path,line,static_route,db_imports,daemon_imports,matrix_backend,matrix_target,matrix_status,matrix_batch
mcp,get_role_view,server/tools/tools_collab.py,115,daemon_client,db,,unknown,rust_native,migrated,MCP-001
mcp,find_evidence,server/tools/tools_collab.py,133,daemon_client,db,,unknown,rust_native,migrated,MCP-002
mcp,get_freshness_status,server/tools/tools_collab.py,153,daemon_client,db,,unknown,rust_native,migrated,MCP-003
mcp,get_gate_decision,server/tools/tools_collab.py,174,daemon_client,db,,unknown,rust_native,migrated,MCP-004
mcp,submit_verdict,server/tools/tools_collab.py,196,daemon_client,db,,unknown,rust_native,stable,existing-native
mcp,append_evidence,server/tools/tools_collab.py,256,daemon_client,db,,unknown,rust_native,stable,existing-native
mcp,task_remediation_create,server/tools/tools_collab.py,314,daemon_client,db,,unknown,rust_native,stable,existing-native
mcp,task_step_resolve,server/tools/tools_collab.py,360,daemon_client,db,,unknown,rust_native,stable,existing-native
mcp,import_envelope_dependencies,server/tools/tools_p2_graph.py,38,daemon_client,db,,unknown,task_rpc,migrated,T02-job
mcp,record_artifact_identity,server/tools/tools_p2_graph.py,64,daemon_client,db,,unknown,rust_native,migrated,T02-admin
mcp,get_artifact_freshness,server/tools/tools_p2_graph.py,88,daemon_client,db,,unknown,rust_native,migrated,MCP-005
mcp,publish_interface,server/tools/tools_p2_graph.py,101,daemon_client,db,,unknown,rust_native,migrated,T02-admin
mcp,get_interface_providers,server/tools/tools_p2_graph.py,118,daemon_client,db,,unknown,rust_native,migrated,MCP-006
mcp,select_interface_provider,server/tools/tools_p2_graph.py,131,daemon_client,db,,unknown,rust_native,migrated,T02-admin
mcp,build_hard_dependency_edges,server/tools/tools_p2_graph.py,147,daemon_client,db,,unknown,task_rpc,migrated,T02-job
mcp,detect_cycle,server/tools/tools_p2_graph.py,163,daemon_client,db,,unknown,rust_native,migrated,MCP-007
mcp,validate_revision_dependencies,server/tools/tools_p2_graph.py,174,daemon_client,db,,unknown,rust_native,migrated,MCP-008
mcp,get_dependency_edges,server/tools/tools_p2_graph.py,190,daemon_client,db,,unknown,rust_native,migrated,MCP-009
mcp,record_action_identity,server/tools/tools_p3_identity.py,38,daemon_client,db,,unknown,rust_native,migrated,T02-admin
mcp,get_action_identity,server/tools/tools_p3_identity.py,69,daemon_client,db,,unknown,rust_native,migrated,MCP-010
mcp,check_action_identity,server/tools/tools_p3_identity.py,85,daemon_client,db,,unknown,rust_native,migrated,MCP-011
mcp,check_session_separation,server/tools/tools_p3_identity.py,101,daemon_client,db,,unknown,rust_native,migrated,MCP-012
mcp,get_attestation_validity,server/tools/tools_p3_identity.py,117,daemon_client,db,,unknown,python_compat,transition,P0-compat
mcp,list_attestation_revocations,server/tools/tools_p3_identity.py,142,daemon_client,db,,unknown,python_compat,transition,P0-compat
mcp,register_attestation_revocation,server/tools/tools_p3_identity.py,164,daemon_client,db,,unknown,rust_native,migrated,T02-admin
mcp,lease_acquire,server/tools/tools_p4_lease.py,48,daemon_client,db,,unknown,rust_native,stable,existing-native
mcp,lease_renew,server/tools/tools_p4_lease.py,81,daemon_client,db,,unknown,rust_native,stable,existing-native
mcp,lease_release,server/tools/tools_p4_lease.py,112,daemon_client,db,,unknown,rust_native,stable,existing-native
mcp,lease_status,server/tools/tools_p4_lease.py,141,daemon_client,db,,unknown,rust_native,stable,existing-native
mcp,lease_list_events,server/tools/tools_p4_lease.py,159,daemon_client,db,,unknown,rust_native,stable,existing-native
mcp,assignment_create,server/tools/tools_p4_lease.py,175,daemon_client,db,,unknown,rust_native,migrated,T02-admin
mcp,assignment_show,server/tools/tools_p4_lease.py,202,daemon_client,db,,unknown,python_compat,transition,P0-compat
mcp,assignment_revoke,server/tools/tools_p4_lease.py,216,daemon_client,db,,unknown,rust_native,migrated,T02-admin
mcp,get_stats,server/tools/tools_query.py,61,daemon_client,db,,unknown,rust_native,stable,existing-native
mcp,search_symbols,server/tools/tools_query.py,66,daemon_client,db,,unknown,rust_native,stable,existing-native
mcp,get_symbol,server/tools/tools_query.py,77,daemon_client,db,,unknown,rust_native,stable,existing-native
mcp,get_symbol_location,server/tools/tools_query.py,90,daemon_client,db,,unknown,rust_native,stable,existing-native
mcp,get_file_symbols,server/tools/tools_query.py,100,daemon_client,db,,unknown,rust_native,stable,existing-native
mcp,get_callers,server/tools/tools_query.py,113,daemon_client,db,,unknown,rust_native,stable,existing-native
mcp,get_callees,server/tools/tools_query.py,126,daemon_client,db,,unknown,rust_native,stable,existing-native
mcp,get_symbol_history,server/tools/tools_query.py,139,daemon_client,db,,unknown,python_compat,transition,P0-compat
mcp,get_file_history,server/tools/tools_query.py,148,daemon_client,db,,unknown,rust_native,stable,existing-native
mcp,get_recent_changes,server/tools/tools_query.py,165,daemon_client,db,,unknown,python_compat,transition,P0-compat
mcp,get_topological_order,server/tools/tools_query.py,174,daemon_client,db,,unknown,rust_native,stable,existing-native
mcp,get_impact,server/tools/tools_query.py,183,daemon_client,db,,unknown,python_compat,transition,P0-compat
mcp,get_call_chain_down,server/tools/tools_query.py,193,daemon_client,db,,unknown,rust_native,stable,existing-native
mcp,get_top_callers,server/tools/tools_query.py,203,daemon_client,db,,unknown,rust_native,migrated,S2-query-compat-batch1
mcp,get_orphan_symbols,server/tools/tools_query.py,214,daemon_client,db,,unknown,rust_native,migrated,S2-query-compat-batch1
mcp,get_deepest_functions,server/tools/tools_query.py,225,daemon_client,db,,unknown,rust_native,migrated,S2-query-compat-batch1
mcp,get_module_call_stats,server/tools/tools_query.py,236,daemon_client,db,,unknown,rust_native,stable,existing-native
mcp,detect_cycles,server/tools/tools_query.py,251,daemon_client,db,,unknown,rust_native,stable,existing-native
mcp,get_comment_from_version,server/tools/tools_query.py,263,daemon_client,db,,unknown,python_compat,transition,P0-compat
mcp,restore_comment,server/tools/tools_query.py,272,daemon_client,db,,unknown,rust_native,migrated,T02-edit
mcp,get_issue_summary,server/tools/tools_query.py,282,daemon_client,db,,unknown,python_compat,transition,P0-compat
mcp,find_issues,server/tools/tools_query.py,292,daemon_client,db,,unknown,python_compat,transition,P0-compat
mcp,get_semgrep_stats,server/tools/tools_query.py,306,daemon_client,db,,unknown,rust_native,stable,existing-native
mcp,get_semgrep_findings,server/tools/tools_query.py,318,daemon_client,db,,unknown,rust_native,stable,existing-native
mcp,run_semgrep_scan,server/tools/tools_query.py,339,daemon_client,db,,unknown,task_rpc,migrated,T02-job
mcp,scan_semgrep_incremental,server/tools/tools_query.py,357,daemon_client,db,,unknown,task_rpc,migrated,T02-job
mcp,get_comment_coverage,server/tools/tools_query.py,388,daemon_client,db,,unknown,rust_native,migrated,S2-query-compat-batch1
mcp,get_uncommented_symbols,server/tools/tools_query.py,397,daemon_client,db,,unknown,rust_native,stable,existing-native
mcp,get_call_heatmap,server/tools/tools_query.py,416,daemon_client,db,,unknown,rust_native,migrated,S2-query-compat-batch1
mcp,get_test_coverage,server/tools/tools_query.py,426,daemon_client,db,,unknown,python_compat,transition,P0-compat
mcp,export_module_graph,server/tools/tools_query.py,437,daemon_client,db,,unknown,python_compat,transition,P0-compat
mcp,restore_all_comments,server/tools/tools_query.py,446,daemon_client,db,,unknown,rust_native,migrated,T02-edit
mcp,list_toolchains,server/tools/tools_rules.py,44,daemon_client,,,unknown,rust_native,migrated,S2-toolchain-compat-batch2
mcp,get_toolchain,server/tools/tools_rules.py,53,daemon_client,,,unknown,rust_native,migrated,S2-toolchain-compat-batch2
mcp,get_workspace_toolchains,server/tools/tools_rules.py,62,daemon_client,,,unknown,rust_native,migrated,S2-toolchain-compat-batch2
mcp,list_build_contexts,server/tools/tools_rules.py,75,daemon_client,,,unknown,rust_native,stable,existing-native
mcp,get_build_context,server/tools/tools_rules.py,84,daemon_client,,,unknown,rust_native,stable,existing-native
mcp,get_active_build_context,server/tools/tools_rules.py,94,daemon_client,,,unknown,rust_native,stable,existing-native
mcp,get_resolved_edges,server/tools/tools_rules.py,103,daemon_client,,,unknown,rust_native,stable,existing-native
mcp,count_resolved_edges,server/tools/tools_rules.py,124,daemon_client,,,unknown,rust_native,stable,existing-native
mcp,get_metrics,server/tools/tools_rules.py,140,daemon_client,,,unknown,rust_native,migrated,T02-admin
mcp,register_branch,server/tools/tools_security.py,48,daemon_client,db,,unknown,rust_native,migrated,T02-admin
mcp,list_branches,server/tools/tools_security.py,65,daemon_client,db,,unknown,python_compat,transition,P0-compat
mcp,diff_branches,server/tools/tools_security.py,76,daemon_client,db,,unknown,rust_native,stable,existing-native
mcp,diff_callers,server/tools/tools_security.py,95,daemon_client,db,,unknown,rust_native,migrated,T02-edit
mcp,diff_callees,server/tools/tools_security.py,117,daemon_client,db,,unknown,rust_native,migrated,T02-edit
mcp,compare_snapshots,server/tools/tools_security.py,139,daemon_client,db,,unknown,rust_native,migrated,T02-admin
mcp,switch_branch,server/tools/tools_security.py,163,daemon_client,db,,unknown,rust_native,migrated,T02-admin
mcp,merge_preview,server/tools/tools_security.py,177,daemon_client,db,,unknown,python_compat,transition,P0-compat
mcp,propose_edit,server/tools/tools_security.py,198,daemon_client,db,,unknown,rust_native,migrated,T02-edit
mcp,propose_range_patch,server/tools/tools_security.py,236,daemon_client,db,,unknown,rust_native,migrated,T02-edit
mcp,propose_symbol_patch,server/tools/tools_security.py,248,daemon_client,db,,unknown,rust_native,migrated,T02-edit
mcp,propose_symbol_id_patch,server/tools/tools_security.py,260,daemon_client,db,,unknown,rust_native,migrated,T02-edit
mcp,revert_edit,server/tools/tools_security.py,273,daemon_client,db,,unknown,rust_native,migrated,T02-edit
mcp,get_edit_history,server/tools/tools_security.py,294,daemon_client,db,,unknown,python_compat,transition,P0-compat
mcp,get_edit_stats,server/tools/tools_security.py,311,daemon_client,db,,unknown,rust_native,stable,existing-native
mcp,detect_cross_repo_deps,server/tools/tools_security.py,334,daemon_client,db,,unknown,task_rpc,migrated,T02-job
mcp,find_shared_symbols,server/tools/tools_security.py,364,daemon_client,db,,unknown,python_compat,transition,P0-compat
mcp,cross_repo_impact,server/tools/tools_security.py,390,daemon_client,db,,unknown,python_compat,transition,P0-compat
mcp,cross_repo_summary,server/tools/tools_security.py,416,daemon_client,db,,unknown,python_compat,transition,P0-compat
mcp,lsp_hover,server/tools/tools_security.py,434,daemon_client,db,,unknown,python_compat,transition,P0-compat
mcp,lsp_definition,server/tools/tools_security.py,454,daemon_client,db,,unknown,python_compat,transition,P0-compat
mcp,lsp_references,server/tools/tools_security.py,473,daemon_client,db,,unknown,python_compat,transition,P0-compat
mcp,lsp_diagnostics,server/tools/tools_security.py,499,daemon_client,db,,unknown,python_compat,transition,P0-compat
mcp,lsp_completion,server/tools/tools_security.py,521,daemon_client,db,,unknown,python_compat,transition,P0-compat
mcp,lsp_check_available,server/tools/tools_security.py,541,daemon_client,db,,unknown,python_compat,transition,P0-compat
mcp,run_check_gate,server/tools/tools_security.py,559,daemon_client,db,,unknown,rust_native,migrated,T02-edit
mcp,resolve_gate_findings,server/tools/tools_security.py,585,daemon_client,db,,unknown,rust_native,migrated,T02-edit
mcp,rule_candidate_create,server/tools/tools_security.py,600,daemon_client,db,,unknown,rust_native,migrated,T02-edit
mcp,rule_candidate_list,server/tools/tools_security.py,631,daemon_client,db,,unknown,python_compat,transition,P0-compat
mcp,rule_candidate_accept,server/tools/tools_security.py,644,daemon_client,db,,unknown,rust_native,migrated,T02-edit
mcp,rule_candidate_reject,server/tools/tools_security.py,662,daemon_client,db,,unknown,rust_native,migrated,T02-edit
mcp,rule_list,server/tools/tools_security.py,680,daemon_client,db,,unknown,python_compat,transition,P0-compat
mcp,get_applicable_rules,server/tools/tools_security.py,693,daemon_client,db,,unknown,python_compat,transition,P0-compat
mcp,rule_sync_agents_md,server/tools/tools_security.py,718,daemon_client,db,,unknown,rust_native,migrated,T02-edit
mcp,rule_insert_agents_md_block,server/tools/tools_security.py,743,daemon_client,db,,unknown,rust_native,migrated,T02-edit
mcp,extract_rule_candidates_from_quality_findings,server/tools/tools_security.py,762,daemon_client,db,,unknown,rust_native,migrated,T02-edit
mcp,semantic_search,server/tools/tools_semantic.py,44,daemon_client,db,,unknown,python_compat,transition,P0-compat
mcp,find_similar_functions,server/tools/tools_semantic.py,57,daemon_client,db,,unknown,python_compat,transition,P0-compat
mcp,embed_symbols,server/tools/tools_semantic.py,73,daemon_client,db,,unknown,task_rpc,migrated,T02-job
mcp,embed_single_symbol,server/tools/tools_semantic.py,86,daemon_client,db,,unknown,task_rpc,migrated,T02-job
mcp,get_symbol_commit_history,server/tools/tools_semantic.py,99,daemon_client,db,,unknown,python_compat,transition,P0-compat
mcp,parse_codeowners,server/tools/tools_semantic.py,114,daemon_client,db,,unknown,python_compat,transition,P0-compat
mcp,import_codeowners,server/tools/tools_semantic.py,128,daemon_client,db,,unknown,task_rpc,migrated,T02-job
mcp,import_git_blame,server/tools/tools_semantic.py,140,daemon_client,db,,unknown,task_rpc,migrated,T02-job
mcp,get_project_dependencies,server/tools/tools_semantic.py,153,daemon_client,db,,unknown,python_compat,transition,P0-compat
mcp,import_project_dependencies,server/tools/tools_semantic.py,158,daemon_client,db,,unknown,task_rpc,migrated,T02-job
mcp,prune_external_symbols,server/tools/tools_semantic.py,164,daemon_client,db,,unknown,task_rpc,migrated,T02-job
mcp,gc_retention,server/tools/tools_semantic.py,172,daemon_client,db,,unknown,rust_native,migrated,T02-admin
mcp,gc_policy_get,server/tools/tools_semantic.py,184,daemon_client,db,,unknown,rust_native,migrated,T02-admin
mcp,gc_policy_set,server/tools/tools_semantic.py,189,daemon_client,db,,unknown,rust_native,migrated,T02-admin
mcp,gc_archive_list,server/tools/tools_semantic.py,199,daemon_client,db,,unknown,rust_native,migrated,T02-admin
mcp,gc_archive_inspect,server/tools/tools_semantic.py,211,daemon_client,db,,unknown,rust_native,migrated,T02-admin
mcp,gc_audit_list,server/tools/tools_semantic.py,225,daemon_client,db,,unknown,rust_native,migrated,T02-admin
mcp,gc_audit_get,server/tools/tools_semantic.py,240,daemon_client,db,,unknown,rust_native,migrated,T02-admin
mcp,gc_archive_import,server/tools/tools_semantic.py,252,daemon_client,db,,unknown,rust_native,migrated,T02-admin
mcp,generate_summary,server/tools/tools_summary.py,49,daemon_client,db,,unknown,rust_native,migrated,T02-edit
mcp,get_summary,server/tools/tools_summary.py,63,daemon_client,db,,unknown,python_compat,transition,P0-compat
mcp,project_brief,server/tools/tools_summary.py,75,daemon_client,db,,unknown,python_compat,transition,P0-compat
mcp,repo_map,server/tools/tools_summary.py,87,daemon_client,db,,unknown,python_compat,transition,P0-compat
mcp,import_coverage,server/tools/tools_summary.py,99,daemon_client,db,,unknown,task_rpc,migrated,T02-job
mcp,get_coverage_for_symbol,server/tools/tools_summary.py,113,daemon_client,db,,unknown,rust_native,stable,existing-native
mcp,find_uncovered_functions,server/tools/tools_summary.py,125,daemon_client,db,,unknown,rust_native,migrated,S2-query-compat-batch1
mcp,test_impact_selection,server/tools/tools_summary.py,138,daemon_client,db,,unknown,python_compat,transition,P0-compat
mcp,who_to_ask,server/tools/tools_summary.py,150,daemon_client,db,,unknown,python_compat,transition,P0-compat
mcp,get_ownership_map,server/tools/tools_summary.py,164,daemon_client,db,,unknown,python_compat,transition,P0-compat
mcp,guardrail_scan,server/tools/tools_summary.py,176,daemon_client,db,,unknown,python_compat,transition,P0-compat
mcp,guardrail_check_edit,server/tools/tools_summary.py,190,daemon_client,db,,unknown,python_compat,transition,P0-compat
mcp,guardrail_list_rules,server/tools/tools_summary.py,205,daemon_client,db,,unknown,python_compat,transition,P0-compat
mcp,guardrail_add_rule,server/tools/tools_summary.py,217,daemon_client,db,,unknown,rust_native,migrated,T02-edit
mcp,blast_radius,server/tools/tools_summary.py,235,daemon_client,db,,unknown,python_compat,transition,P0-compat
mcp,ask_codebase,server/tools/tools_summary.py,250,daemon_client,db,,unknown,python_compat,transition,P0-compat
mcp,record_token_savings,server/tools/tools_summary.py,269,daemon_client,db,,unknown,rust_native,migrated,T02-edit
mcp,get_token_savings_report,server/tools/tools_summary.py,285,daemon_client,db,,unknown,python_compat,transition,P0-compat
mcp,get_vulnerability_blast_radius,server/tools/tools_summary.py,297,daemon_client,db,,unknown,python_compat,transition,P0-compat
mcp,get_clone_aware_impact,server/tools/tools_summary.py,310,daemon_client,db,,unknown,python_compat,transition,P0-compat
mcp,diff_to_symbol,server/tools/tools_summary.py,325,daemon_client,db,,unknown,rust_native,stable,existing-native
mcp,review_readiness,server/tools/tools_summary.py,339,daemon_client,db,,unknown,python_compat,transition,P0-compat
mcp,cross_layer_impact,server/tools/tools_summary.py,353,daemon_client,db,,unknown,python_compat,transition,P0-compat
mcp,evolution_frequency,server/tools/tools_summary.py,367,daemon_client,db,,unknown,python_compat,transition,P0-compat
mcp,defect_correlation,server/tools/tools_summary.py,382,daemon_client,db,,unknown,rust_native,stable,existing-native
mcp,hotspot_evolution,server/tools/tools_summary.py,403,daemon_client,db,,unknown,python_compat,transition,P0-compat
mcp,churn_analysis,server/tools/tools_summary.py,417,daemon_client,db,,unknown,rust_native,stable,existing-native
mcp,defect_search,server/tools/tools_summary.py,438,daemon_client,db,,unknown,rust_native,stable,existing-native
mcp,defect_suggest_fix,server/tools/tools_summary.py,460,daemon_client,db,,unknown,rust_native,stable,existing-native
mcp,defect_learn,server/tools/tools_summary.py,481,daemon_client,db,,unknown,python_compat,transition,P0-compat
mcp,defect_stats,server/tools/tools_summary.py,495,daemon_client,db,,unknown,rust_native,stable,existing-native
mcp,task_create,server/tools/tools_task.py,51,daemon_client,db,,unknown,task_rpc,stable,existing-task
mcp,task_next_step,server/tools/tools_task.py,68,daemon_client,db,,unknown,task_rpc,stable,existing-task
mcp,work_next_job,server/tools/tools_task.py,105,daemon_client,db,,unknown,task_rpc,stable,existing-task
mcp,task_resolve_block,server/tools/tools_task.py,115,daemon_client,db,,unknown,task_rpc,stable,existing-task
mcp,task_report_step,server/tools/tools_task.py,132,daemon_client,db,,unknown,task_rpc,stable,existing-task
mcp,record_task_symbol_change,server/tools/tools_task.py,156,daemon_client,db,,unknown,task_rpc,stable,existing-task
mcp,link_edit_audit_symbols,server/tools/tools_task.py,166,daemon_client,db,,unknown,task_rpc,stable,existing-task
mcp,get_task_symbol_changes,server/tools/tools_task.py,171,daemon_client,db,,unknown,task_rpc,stable,existing-task
mcp,get_symbol_change_tasks,server/tools/tools_task.py,176,daemon_client,db,,unknown,python_compat,transition,P0-compat
mcp,get_task_commits,server/tools/tools_task.py,181,daemon_client,db,,unknown,task_rpc,stable,existing-task
mcp,get_commit_tasks,server/tools/tools_task.py,186,daemon_client,db,,unknown,rust_native,stable,existing-native
mcp,task_rollback,server/tools/tools_task.py,198,daemon_client,db,,unknown,task_rpc,stable,existing-task
mcp,task_apply,server/tools/tools_task.py,203,daemon_client,db,,unknown,task_rpc,stable,existing-task
mcp,task_close,server/tools/tools_task.py,223,daemon_client,db,,unknown,task_rpc,stable,existing-task
mcp,task_capture_diff,server/tools/tools_task.py,242,daemon_client,db,,unknown,task_rpc,stable,existing-task
mcp,audit_verify_chain,server/tools/tools_task.py,254,daemon_client,db,,unknown,python_compat,transition,P0-compat
mcp,rotate_audit_signing_key,server/tools/tools_task.py,283,daemon_client,db,,unknown,rust_native,migrated,T02-admin
mcp,list_audit_signing_keys,server/tools/tools_task.py,311,daemon_client,db,,unknown,python_compat,transition,P0-compat
mcp,bootstrap_status,server/tools/tools_task.py,327,daemon_client,db,,unknown,python_compat,transition,P0-compat
mcp,detect_clones,server/tools/tools_task.py,364,daemon_client,db,,unknown,task_rpc,migrated,T02-job
mcp,list_clones,server/tools/tools_task.py,404,daemon_client,db,,unknown,python_compat,transition,P0-compat
mcp,get_clone_stats,server/tools/tools_task.py,436,daemon_client,db,,unknown,rust_native,stable,existing-native
mcp,clear_clones,server/tools/tools_task.py,456,daemon_client,db,,unknown,rust_native,migrated,T02-admin
mcp,get_symbol_issues,server/tools/tools_task.py,465,daemon_client,db,,unknown,rust_native,stable,existing-native
mcp,get_test_cases,server/tools/tools_task.py,493,daemon_client,db,,unknown,rust_native,stable,existing-native
mcp,get_tested_functions,server/tools/tools_task.py,515,daemon_client,db,,unknown,rust_native,stable,existing-native
mcp,get_test_coverage_summary,server/tools/tools_task.py,535,daemon_client,db,,unknown,rust_native,stable,existing-native
mcp,get_test_stability,server/tools/tools_task.py,557,daemon_client,db,,unknown,rust_native,stable,existing-native
mcp,get_defect_correlation,server/tools/tools_task.py,582,daemon_client,db,,unknown,rust_native,stable,existing-native
mcp,detect_clones_async,server/tools/tools_task.py,611,daemon_client,db,,unknown,task_rpc,migrated,T02-job
mcp,get_job_status,server/tools/tools_task.py,637,daemon_client,db,,unknown,rust_native,stable,existing-native
mcp,cancel_job,server/tools/tools_task.py,660,daemon_client,db,,unknown,task_rpc,migrated,T02-job
mcp,list_jobs,server/tools/tools_task.py,677,daemon_client,db,,unknown,rust_native,stable,existing-native
mcp,get_job_stats,server/tools/tools_task.py,695,daemon_client,db,,unknown,rust_native,stable,existing-native
mcp,wait_for_job,server/tools/tools_task.py,714,daemon_client,db,,unknown,rust_native,stable,existing-native
mcp,list_clone_groups,server/tools/tools_task.py,742,daemon_client,db,,unknown,python_compat,transition,P0-compat
mcp,get_clone_group_detail,server/tools/tools_task.py,763,daemon_client,db,,unknown,python_compat,transition,P0-compat
mcp,get_clone_group_stats,server/tools/tools_task.py,783,daemon_client,db,,unknown,rust_native,stable,existing-native
mcp,embed_symbols_async,server/tools/tools_task.py,802,daemon_client,db,,unknown,task_rpc,migrated,T02-job
mcp,semgrep_scan_async,server/tools/tools_task.py,827,daemon_client,db,,unknown,task_rpc,migrated,T02-job
mcp,rule_seed_bootstrap,server/tools/tools_task.py,854,daemon_client,db,,unknown,rust_native,migrated,T02-edit
mcp,cleanup_agent_rule_sync_log,server/tools/tools_task.py,886,daemon_client,db,,unknown,rust_native,migrated,T02-admin
mcp,task_create_subtask,server/tools/tools_task.py,920,daemon_client,db,,unknown,task_rpc,stable,existing-task
mcp,task_split,server/tools/tools_task.py,939,daemon_client,db,,unknown,task_rpc,stable,existing-task
mcp,task_status_tree,server/tools/tools_task.py,944,daemon_client,db,,unknown,task_rpc,stable,existing-task
mcp,task_create_from_plan,server/tools/tools_task.py,949,daemon_client,db,,unknown,task_rpc,stable,existing-task
mcp,task_plan_template,server/tools/tools_task.py,954,daemon_client,db,,unknown,python_compat,transition,P0-compat
mcp,task_list,server/tools/tools_task.py,959,daemon_client,db,,unknown,task_rpc,stable,existing-task
mcp,task_status,server/tools/tools_task.py,964,daemon_client,db,,unknown,task_rpc,stable,existing-task
mcp,task_completion_review,server/tools/tools_task.py,969,daemon_client,db,,unknown,task_rpc,stable,existing-task
mcp,task_quality_findings,server/tools/tools_task.py,974,daemon_client,db,,unknown,task_rpc,stable,existing-task
mcp,task_resolve_quality_finding,server/tools/tools_task.py,979,daemon_client,db,,unknown,task_rpc,stable,existing-task
mcp,build_graph,server/tools/tools_workspace.py,33,daemon_client,,,unknown,rust_native,migrated,T02-fs
mcp,refresh_file,server/tools/tools_workspace.py,38,daemon_client,,,unknown,rust_native,migrated,T02-fs
mcp,list_workspaces,server/tools/tools_workspace.py,47,daemon_client,,,unknown,rust_native,stable,existing-native
mcp,register_workspace,server/tools/tools_workspace.py,65,daemon_client,,,unknown,rust_native,stable,existing-native
mcp,set_active_workspace,server/tools/tools_workspace.py,83,daemon_client,,,unknown,rust_native,stable,existing-native
mcp,delete_workspace,server/tools/tools_workspace.py,97,daemon_client,,,unknown,rust_native,stable,existing-native
mcp,get_active_workspace,server/tools/tools_workspace.py,114,daemon_client,,,unknown,rust_native,stable,existing-native
mcp,file_read,server/tools/tools_workspace.py,137,daemon_client,,,unknown,rust_native,migrated,T02-fs
mcp,file_grep,server/tools/tools_workspace.py,159,daemon_client,,,unknown,rust_native,migrated,T02-fs
mcp,file_list,server/tools/tools_workspace.py,178,daemon_client,,,unknown,rust_native,migrated,T02-fs
mcp,file_symbol_content,server/tools/tools_workspace.py,193,daemon_client,,,unknown,rust_native,migrated,T02-fs
mcp,import_git_history,server/tools/tools_workspace.py,209,daemon_client,,,unknown,task_rpc,migrated,T02-job
mcp,get_git_commits,server/tools/tools_workspace.py,228,daemon_client,,,unknown,rust_native,stable,existing-native
mcp,get_commit_changes,server/tools/tools_workspace.py,246,daemon_client,,,unknown,rust_native,stable,existing-native
mcp,get_git_stats,server/tools/tools_workspace.py,263,daemon_client,,,unknown,rust_native,stable,existing-native
mcp,get_status,server/tools/tools_workspace.py,277,daemon_client,,,unknown,rust_native,migrated,T02-metrics
mcp,remove_file,server/tools/tools_workspace.py,289,daemon_client,,,unknown,rust_native,migrated,T02-fs
mcp,build_directory,server/tools/tools_workspace.py,301,daemon_client,,,unknown,rust_native,migrated,T02-fs
mcp,get_symbol_content_by_hash,server/tools/tools_workspace.py,313,daemon_client,,,unknown,rust_native,migrated,T02-metrics
mcp,get_code_metrics_summary,server/tools/tools_workspace.py,325,daemon_client,,,unknown,rust_native,migrated,T02-metrics
mcp,get_complexity_hotspots,server/tools/tools_workspace.py,337,daemon_client,,,unknown,rust_native,migrated,T02-metrics
mcp,get_coupling_analysis,server/tools/tools_workspace.py,352,daemon_client,,,unknown,rust_native,migrated,T02-metrics
mcp,get_function_metrics,server/tools/tools_workspace.py,366,daemon_client,,,unknown,rust_native,migrated,T02-metrics
mcp,get_largest_functions,server/tools/tools_workspace.py,378,daemon_client,,,unknown,rust_native,migrated,T02-metrics
mcp,get_most_coupled_functions,server/tools/tools_workspace.py,391,daemon_client,,,unknown,rust_native,migrated,T02-metrics
mcp,get_code_health_check,server/tools/tools_workspace.py,403,daemon_client,,,unknown,rust_native,migrated,T02-metrics
mcp,check_file_health,server/tools/tools_workspace.py,428,daemon_client,,,unknown,rust_native,migrated,T02-fs
