contract_id,task_id,task_status,workspace_id,stringified_array,empty_dependencies,defective
TC-T-1787321708926-e7ebfac4,T-1787321708926-e7ebfac4,closed,1,True,True,True
TC-T-1787321709017-ed4e79b0,T-1787321709017-ed4e79b0,closed,1,True,True,True
TC-T-1787321709098-f2236ea0,T-1787321709098-f2236ea0,closed,1,True,True,True
TC-T-1787321709179-f6fdf5bc,T-1787321709179-f6fdf5bc,closed,1,True,True,True
TC-T-1787321709249-fb256530,T-1787321709249-fb256530,closed,1,True,True,True
TC-T-1787321709365-021050a8,T-1787321709365-021050a8,closed,1,True,True,True
TC-T-1787321709432-060d1128,T-1787321709432-060d1128,closed,1,True,True,True
TC-T-1787321709518-0b31a484,T-1787321709518-0b31a484,closed,1,True,True,True
TC-T-1787321709584-0f2573f4,T-1787321709584-0f2573f4,closed,1,True,True,True
TC-T-1787321709651-131e1880,T-1787321709651-131e1880,closed,1,True,True,True
TC-T-1787321709710-169c2da8,T-1787321709710-169c2da8,closed,1,True,True,True
TC-T-1787321709770-1a3de640,T-1787321709770-1a3de640,closed,1,True,True,True
TC-T-1787321709835-1e194764,T-1787321709835-1e194764,closed,1,True,True,True
TC-T-1787321709894-21a00d8c,T-1787321709894-21a00d8c,review,1,True,True,True
TC-T-1787321709955-2537b8b4,T-1787321709955-2537b8b4,review,1,True,True,True
TC-T-1787321710012-289c54c4,T-1787321710012-289c54c4,review,1,True,True,True
TC-T-1787321710069-2c03f5e0,T-1787321710069-2c03f5e0,review,1,True,True,True
TC-T-1787321710140-3047f444,T-1787321710140-3047f444,review,1,True,True,True
TC-T-1787321710300-39d0baf0,T-1787321710300-39d0baf0,review,1,True,True,True
TC-T-1787321710397-3f9a9028,T-1787321710397-3f9a9028,review,1,True,True,True
TC-T-1787321710484-44c1c940,T-1787321710484-44c1c940,review,1,True,True,True
TC-T-1787321710544-485efa78,T-1787321710544-485efa78,review,1,True,True,True
TC-T-1787321710602-4bcbb50c,T-1787321710602-4bcbb50c,review,1,True,True,True
TC-T-1787321710659-4f3acb88,T-1787321710659-4f3acb88,review,1,True,True,True
TC-T-1787321710720-52daa72c,T-1787321710720-52daa72c,review,1,True,True,True
TC-T-1787321710784-56a998b8,T-1787321710784-56a998b8,review,1,True,True,True
TC-T-1787321710849-5a85f634,T-1787321710849-5a85f634,review,1,True,True,True
TC-T-1787321710913-5e5558a4,T-1787321710913-5e5558a4,review,1,True,True,True
TC-T-1787321710977-62266414,T-1787321710977-62266414,review,1,True,True,True
TC-T-1787321711035-659d600c,T-1787321711035-659d600c,review,1,True,True,True
TC-T-1787321711142-6c00c7b8,T-1787321711142-6c00c7b8,review,1,True,True,True
TC-T-1787321711218-707e9d24,T-1787321711218-707e9d24,review,1,True,True,True
TC-T-1787321711292-74eefc14,T-1787321711292-74eefc14,review,1,True,True,True
TC-T-1787321711354-78a01118,T-1787321711354-78a01118,review,1,True,True,True
TC-T-1787321711419-7c795b78,T-1787321711419-7c795b78,review,1,True,True,True
TC-T-1787321711485-80694f68,T-1787321711485-80694f68,review,1,True,True,True
TC-T-1787321711567-854fb8b4,T-1787321711567-854fb8b4,review,1,True,True,True
TC-T-1787321711671-8b84382c,T-1787321711671-8b84382c,review,1,True,True,True
TC-T-1787321711747-900bc900,T-1787321711747-900bc900,review,1,True,True,True
TC-T-1787321711827-94d36268,T-1787321711827-94d36268,review,1,True,True,True
TC-T-1787321711882-9812b654,T-1787321711882-9812b654,review,1,True,True,True
TC-T-1787321711941-9b9a78d4,T-1787321711941-9b9a78d4,review,1,True,True,True
TC-T-1787321712002-9f3f403c,T-1787321712002-9f3f403c,review,1,True,True,True
TC-T-1787321712071-a3580d34,T-1787321712071-a3580d34,review,1,True,True,True
TC-T-1787321712131-a6f798c4,T-1787321712131-a6f798c4,review,1,True,True,True
TC-T-1787321712197-aae29150,T-1787321712197-aae29150,review,1,True,True,True
TC-T-1787321712254-ae4cba14,T-1787321712254-ae4cba14,review,1,True,True,True
TC-T-1787321712317-b20200ec,T-1787321712317-b20200ec,review,1,True,True,True
TC-T-1787321712383-b5f00e24,T-1787321712383-b5f00e24,review,1,True,True,True
TC-T-1787321712440-b95892fc,T-1787321712440-b95892fc,review,1,True,True,True
TC-T-1787321712498-bcc9ba60,T-1787321712498-bcc9ba60,closed,1,True,True,True
TC-T-1787321712571-c126ad70,T-1787321712571-c126ad70,closed,1,True,True,True
TC-T-1787321712641-c5517dbc,T-1787321712641-c5517dbc,closed,1,True,True,True
TC-T-1787321712696-c896d134,T-1787321712696-c896d134,closed,1,True,True,True
TC-T-1787321712758-cc574178,T-1787321712758-cc574178,closed,1,True,True,True
TC-T-1787321712826-d05f6f5c,T-1787321712826-d05f6f5c,closed,1,True,True,True
TC-T-1787321712895-d47d25c0,T-1787321712895-d47d25c0,closed,1,True,True,True
TC-T-1787321712961-d86f42d0,T-1787321712961-d86f42d0,closed,1,True,True,True
TC-T-1787321713038-dd021610,T-1787321713038-dd021610,closed,1,True,True,True
TC-T-1787321713116-e1a76170,T-1787321713116-e1a76170,closed,1,True,True,True
TC-T-1787321713179-e565d9cc,T-1787321713179-e565d9cc,closed,1,True,True,True
TC-T-1787321713237-e8e1f1f8,T-1787321713237-e8e1f1f8,closed,1,True,True,True
TC-T-1787321713303-ecc6ada4,T-1787321713303-ecc6ada4,closed,1,True,True,True
TC-T-1787321713365-f084e3fc,T-1787321713365-f084e3fc,review,1,True,True,True
TC-T-1787321713424-f4071e14,T-1787321713424-f4071e14,review,1,True,True,True
TC-T-1787321713485-f7a90848,T-1787321713485-f7a90848,review,1,True,True,True
TC-T-1787321713551-fb94f87c,T-1787321713551-fb94f87c,review,1,True,True,True
TC-T-1787322794470-a75de064,T-1787322794470-a75de064,review,1,True,True,True
TC-T-1787322794529-aae5f8d4,T-1787322794529-aae5f8d4,review,1,True,True,True
TC-T-1787322794614-affbd0b4,T-1787322794614-affbd0b4,review,1,True,True,True
TC-T-1787322794681-b3f8e33c,T-1787322794681-b3f8e33c,review,1,True,True,True
TC-T-1787322794745-b7c1ed10,T-1787322794745-b7c1ed10,review,1,True,True,True
TC-T-1787322794809-bb8f0658,T-1787322794809-bb8f0658,review,1,True,True,True
TC-T-1787322794865-beea9d08,T-1787322794865-beea9d08,review,1,True,True,True
TC-T-1787322794927-c29e6894,T-1787322794927-c29e6894,review,1,True,True,True
TC-T-1787322794986-c6229cec,T-1787322794986-c6229cec,review,1,True,True,True
TC-T-1787322795054-ca2e2694,T-1787322795054-ca2e2694,review,1,True,True,True
TC-T-1787322795108-cd691968,T-1787322795108-cd691968,review,1,True,True,True
TC-T-1787322795173-d141864c,T-1787322795173-d141864c,review,1,True,True,True
TC-T-1787322795245-d58f1cf0,T-1787322795245-d58f1cf0,review,1,True,True,True
TC-T-1787322795307-d949b968,T-1787322795307-d949b968,review,1,True,True,True
TC-T-1787322795374-dd442bac,T-1787322795374-dd442bac,review,1,True,True,True
TC-T-1787322795431-e0a47a2c,T-1787322795431-e0a47a2c,review,1,True,True,True
TC-T-1787322795483-e3c04150,T-1787322795483-e3c04150,review,1,True,True,True
TC-T-1787322795588-e9fdfecc,T-1787322795588-e9fdfecc,review,1,True,True,True
TC-T-1787322795664-ee8f9090,T-1787322795664-ee8f9090,review,1,True,True,True
TC-T-1787322795725-f22932d8,T-1787322795725-f22932d8,review,1,True,True,True
TC-T-1787322795775-f52e96bc,T-1787322795775-f52e96bc,review,1,True,True,True
TC-T-1787322795829-f85a6d98,T-1787322795829-f85a6d98,review,1,True,True,True
TC-T-1787322795894-fc39c6c0,T-1787322795894-fc39c6c0,review,1,True,True,True
TC-T-1787322795956-fff62664,T-1787322795956-fff62664,review,1,True,True,True
TC-T-1787322796027-04260ab0,T-1787322796027-04260ab0,review,1,True,True,True
TC-T-1787322796090-07e97aec,T-1787322796090-07e97aec,review,1,True,True,True
TC-T-1787322796155-0bc98e68,T-1787322796155-0bc98e68,review,1,True,True,True
TC-T-1787322796219-0f9d3760,T-1787322796219-0f9d3760,review,1,True,True,True
TC-T-1787322796275-12f3c370,T-1787322796275-12f3c370,review,1,True,True,True
TC-T-1787322796365-1852e1e8,T-1787322796365-1852e1e8,review,1,True,True,True
TC-T-1787322796421-1ba86fac,T-1787322796421-1ba86fac,review,1,True,True,True
TC-T-1787322796483-1f5d4730,T-1787322796483-1f5d4730,review,1,True,True,True
TC-T-1787322796578-2508cfc4,T-1787322796578-2508cfc4,review,1,True,True,True
TC-T-1787322796634-285466c0,T-1787322796634-285466c0,review,1,True,True,True
TC-T-1787322796701-2c5e2698,T-1787322796701-2c5e2698,review,1,True,True,True
TC-T-1787322796764-3014c724,T-1787322796764-3014c724,review,1,True,True,True
TC-T-1787322796833-3431cb68,T-1787322796833-3431cb68,review,1,True,True,True
TC-T-1787322796916-3926ce34,T-1787322796916-3926ce34,review,1,True,True,True
TC-T-1787322796984-3d3e2df0,T-1787322796984-3d3e2df0,review,1,True,True,True
TC-T-1787322797056-4189cf68,T-1787322797056-4189cf68,review,1,True,True,True
TC-T-1787322797118-45326058,T-1787322797118-45326058,review,1,True,True,True
TC-T-1787322797185-49338448,T-1787322797185-49338448,review,1,True,True,True
TC-T-1787322797263-4dd9dd94,T-1787322797263-4dd9dd94,review,1,True,True,True
TC-T-1787322797327-51aada2c,T-1787322797327-51aada2c,review,1,True,True,True
TC-T-1787322797385-5518ba1c,T-1787322797385-5518ba1c,review,1,True,True,True
TC-T-1787322797455-594a8390,T-1787322797455-594a8390,review,1,True,True,True
TC-T-1787322797511-5c99e860,T-1787322797511-5c99e860,review,1,True,True,True
TC-T-1787322797571-6031e2d4,T-1787322797571-6031e2d4,review,1,True,True,True
TC-T-1787322797641-645edd08,T-1787322797641-645edd08,review,1,True,True,True
TC-T-1787322797727-697cd6f0,T-1787322797727-697cd6f0,review,1,True,True,True
TC-T-1787322797796-6da4f0b4,T-1787322797796-6da4f0b4,review,1,True,True,True
TC-T-1787322797861-717ae658,T-1787322797861-717ae658,review,1,True,True,True
TC-T-1787322797930-7595285c,T-1787322797930-7595285c,review,1,True,True,True
TC-T-1787322797980-7895fb80,T-1787322797980-7895fb80,review,1,True,True,True
TC-T-1787322798105-800faaa0,T-1787322798105-800faaa0,review,1,True,True,True
TC-T-1787322798172-840ee260,T-1787322798172-840ee260,review,1,True,True,True
TC-T-1787322798237-87e3fc18,T-1787322798237-87e3fc18,review,1,True,True,True
TC-T-1787322798303-8bd1779c,T-1787322798303-8bd1779c,review,1,True,True,True
TC-T-1787322798366-8f9cbfa8,T-1787322798366-8f9cbfa8,review,1,True,True,True
TC-T-1787322798433-939358c4,T-1787322798433-939358c4,review,1,True,True,True
TC-T-1787322798497-9762fae0,T-1787322798497-9762fae0,review,1,True,True,True
TC-T-1787322798591-9d0507b8,T-1787322798591-9d0507b8,review,1,True,True,True
TC-T-1787322798663-a14caa24,T-1787322798663-a14caa24,review,1,True,True,True
TC-T-1787322798722-a4d2c340,T-1787322798722-a4d2c340,review,1,True,True,True
TC-T-1787322798801-a98790f0,T-1787322798801-a98790f0,review,1,True,True,True
TC-T-1787322798858-ace77210,T-1787322798858-ace77210,review,1,True,True,True
TC-T-1787322798916-b06209dc,T-1787322798916-b06209dc,review,1,True,True,True
TC-T-1787322798971-b3a9f30c,T-1787322798971-b3a9f30c,review,1,True,True,True
TC-T-1787322799021-b69c2990,T-1787322799021-b69c2990,review,1,True,True,True
TC-T-1787322799077-b9fe69b8,T-1787322799077-b9fe69b8,review,1,True,True,True
TC-T-1787322799131-bd2db3c8,T-1787322799131-bd2db3c8,review,1,True,True,True
TC-T-1787322799188-c09db9b8,T-1787322799188-c09db9b8,review,1,True,True,True
TC-T-1787322799244-c3f2f9c0,T-1787322799244-c3f2f9c0,review,1,True,True,True
TC-T-1787322799302-c75c1d94,T-1787322799302-c75c1d94,review,1,True,True,True
TC-T-1787322799364-cb120c64,T-1787322799364-cb120c64,review,1,True,True,True
TC-T-1787322799418-ce4698f0,T-1787322799418-ce4698f0,in_progress,1,True,True,True
TC-T-1787322799482-d215a638,T-1787322799482-d215a638,review,1,True,True,True
TC-T-1787322799532-d51d9d18,T-1787322799532-d51d9d18,review,1,True,True,True
TC-T-1787322799580-d7f9eeec,T-1787322799580-d7f9eeec,review,1,True,True,True
TC-T-1787322799648-dc001930,T-1787322799648-dc001930,in_progress,1,True,True,True
TC-T-1787322799711-dfc17ba4,T-1787322799711-dfc17ba4,open,1,True,True,True
TC-T-1787322799770-e34ac71c,T-1787322799770-e34ac71c,open,1,True,True,True
TC-T-1787322799850-e804f55c,T-1787322799850-e804f55c,open,1,True,True,True
TC-T-1787322799910-eb9a737c,T-1787322799910-eb9a737c,open,1,True,True,True
TC-T-1787322799980-efcb2090,T-1787322799980-efcb2090,open,1,True,True,True
TC-T-1787322800040-f35e9b74,T-1787322800040-f35e9b74,review,1,True,True,True
TC-T-1787322800112-f7a9dc0c,T-1787322800112-f7a9dc0c,review,1,True,True,True
TC-T-1787322800171-fb277560,T-1787322800171-fb277560,review,1,True,True,True
TC-T-1787322800239-ff34cf18,T-1787322800239-ff34cf18,review,1,True,True,True
TC-T-1787322800298-02bb7c40,T-1787322800298-02bb7c40,review,1,True,True,True
TC-T-1787322800362-068ff314,T-1787322800362-068ff314,review,1,True,True,True
TC-T-1787322800435-0aebf778,T-1787322800435-0aebf778,review,1,True,True,True
TC-T-1787322800492-0e4a5838,T-1787322800492-0e4a5838,review,1,True,True,True
TC-T-1787322971676-e9aae4d4,T-1787322971676-e9aae4d4,review,1,True,True,True
TC-T-1787323460311-ae9d7d30,T-1787323460311-ae9d7d30,open,1,True,True,True
TC-T-1787323460404-b425b074,T-1787323460404-b425b074,open,1,True,True,True
TC-T-1787323460500-b9e232bc,T-1787323460500-b9e232bc,open,1,True,True,True
TC-T-1787323460580-bea19180,T-1787323460580-bea19180,open,1,True,True,True
TC-T-1787323460652-c2eaada8,T-1787323460652-c2eaada8,open,1,True,True,True
TC-T-1787323460703-c5f65380,T-1787323460703-c5f65380,open,1,True,True,True
TC-T-1787323461012-d8597160,T-1787323461012-d8597160,open,1,True,True,True
TC-T-1787323461079-dc5ac87c,T-1787323461079-dc5ac87c,open,1,True,True,True
TC-T-1787323461150-e09e1a9c,T-1787323461150-e09e1a9c,open,1,True,True,True
TC-T-1787323461213-e46199b0,T-1787323461213-e46199b0,open,1,True,True,True
TC-T-1787323461285-e8a7a12c,T-1787323461285-e8a7a12c,open,1,True,True,True
TC-T-1787323461346-ec4e03e8,T-1787323461346-ec4e03e8,open,1,True,True,True
TC-T-1787323461404-efba3d30,T-1787323461404-efba3d30,open,1,True,True,True
TC-T-1787323461464-f351e600,T-1787323461464-f351e600,open,1,True,True,True
TC-T-1787323461541-f7e6ec24,T-1787323461541-f7e6ec24,open,1,True,True,True
TC-T-1787323461623-fcc66abc,T-1787323461623-fcc66abc,open,1,True,True,True
TC-T-1787323461683-0059e5a0,T-1787323461683-0059e5a0,open,1,True,True,True
TC-T-1787323461742-03e6a000,T-1787323461742-03e6a000,open,1,True,True,True
TC-T-1787323461802-077bee78,T-1787323461802-077bee78,open,1,True,True,True
